Name,Year Published,Play Time,Users Rated
Gloomhaven,2017,120,42055
Pandemic Legacy: Season 1,2015,60,41643
Brass: Birmingham,2018,120,19217
Terraforming Mars,2016,120,64864
Twilight Imperium: Fourth Edition,2017,480,13468
Gloomhaven: Jaws of the Lion,2020,120,8392
Through the Ages: A New Story of Civilization,2015,120,23061
Gaia Project,2017,150,16352
Star Wars: Rebellion,2016,240,23081
Twilight Struggle,2005,180,40814
Great Western Trail,2016,150,29457
War of the Ring: Second Edition,2012,180,13725
Spirit Island,2017,120,25722
Scythe,2016,115,57871
The Castles of Burgundy,2011,90,46507
Terra Mystica,2012,150,39284
7 Wonders Duel,2015,30,60302
Concordia,2013,100,28105
Brass: Lancashire,2007,120,19400
Wingspan,2019,70,43165
A Feast for Odin,2016,120,17377
Arkham Horror: The Card Game,2016,120,28577
Viticulture Essential Edition,2015,90,29486
Nemesis,2018,180,12290
Orléans,2014,90,22244
Mage Knight Board Game,2011,240,27850
Root,2018,90,24412
Puerto Rico,2002,150,63128
Food Chain Magnate,2015,240,13863
Caverna: The Cave Farmers,2013,210,28123
Agricola,2007,150,63498
Blood Rage,2015,90,33940
Mansions of Madness: Second Edition,2016,180,25116
The 7th Continent,2017,1000,16868
Pandemic Legacy: Season 2,2017,60,12100
Everdell,2018,80,19552
Maracaibo,2019,120,7645
Kingdom Death: Monster,2015,180,7553
Power Grid,2004,120,56214
Tzolk'in: The Mayan Calendar,2012,90,30790
The Crew: The Quest for Planet Nine,2019,20,15027
Mechs vs. Minions,2016,120,14056
Underwater Cities,2018,150,9979
Star Wars: Imperial Assault,2014,120,20512
Clans of Caledonia,2017,120,14835
Anachrony,2017,120,11585
Le Havre,2008,150,26494
Too Many Bones,2017,120,6055
Through the Ages: A Story of Civilization,2006,120,18004
Azul,2017,45,53615
Marvel Champions: The Card Game,2019,90,9616
Eclipse,2011,180,26165
Clank! Legacy: Acquisitions Incorporated,2019,120,3295
Android: Netrunner,2012,45,26748
Robinson Crusoe: Adventures on the Cursed Island,2012,120,34179
The Voyages of Marco Polo,2015,100,20240
The Gallerist,2015,150,9705
Barrage,2019,120,6500
Race for the Galaxy,2007,60,46393
Fields of Arle,2014,120,8111
7 Wonders,2010,30,84371
Teotihuacan: City of Gods,2018,120,12970
Clank!: A Deck-Building Adventure,2016,60,27893
The Quacks of Quedlinburg,2018,45,22327
Crokinole,1876,30,12197
Five Tribes,2014,80,32265
Dominant Species,2010,240,18018
On Mars,2020,150,5781
Lisboa,2017,120,6693
Aeon's End,2016,60,10899
Lords of Waterdeep,2012,120,45929
Paladins of the West Kingdom,2019,120,8248
Keyflower,2012,120,19003
Agricola (Revised Edition),2016,120,9491
Pax Pamir: Second Edition,2019,120,4373
Tainted Grail: The Fall of Avalon,2019,120,6134
Caylus,2005,150,26796
Architects of the West Kingdom,2018,80,16886
El Grande,1995,120,23545
Twilight Imperium: Third Edition,2005,240,18302
Battlestar Galactica: The Board Game,2008,180,32889
Eldritch Horror,2013,240,29347
Troyes,2010,90,18930
Rising Sun,2018,120,15767
Dominion: Intrigue,2009,30,30118
Mombasa,2015,150,10954
Grand Austria Hotel,2015,120,12604
The Lord of the Rings: Journeys in Middle-Earth,2019,120,8822
Patchwork,2014,30,46536
Raiders of the North Sea,2015,80,15990
Russian Railroads,2013,120,14845
Tigris & Euphrates,1997,90,25321
Codenames,2015,15,67688
Roll for the Galaxy,2014,45,26421
Trajan,2011,120,14728
Lorenzo il Magnifico,2016,120,9140
Sherlock Holmes Consulting Detective: The Thames Murders & Other Cases,1982,120,17236
Dominion,2008,30,78089
Pandemic,2008,45,102214
Pandemic: Iberia,2016,45,8359
Champions of Midgard,2015,90,13345
Decrypto,2018,45,11690
Kemet,2012,120,16277
Yokohama,2016,90,8865
Clank! In! Space!: A Deck-Building Adventure,2017,90,9188
Forbidden Stars,2015,180,7516
Inis,2016,90,12665
The Isle of Cats,2019,90,6450
Star Wars: X-Wing Miniatures Game,2012,45,23061
Alchemists,2014,120,18250
Stone Age,2008,90,44975
Legendary Encounters: An Alien Deck Building Game,2014,60,11251
Vinhos Deluxe Edition,2016,135,4245
Endeavor: Age of Sail,2018,90,6265
Star Realms,2014,20,35947
Descent: Journeys in the Dark (Second Edition),2012,120,22715
Cartographers,2019,45,10754
Res Arcana,2019,60,9719
Age of Steam,2002,120,8871
Istanbul,2014,60,25234
Ticket to Ride: Europe,2005,60,58608
Dead of Winter: A Crossroads Game,2014,120,39287
Targi,2012,60,14592
War of the Ring,2004,120,9935
Chaos in the Old World,2009,120,14297
Welcome To...,2018,25,17370
That's Pretty Clever!,2018,30,14352
Trickerion: Legends of Illusion,2015,180,6665
The Lord of the Rings: The Card Game,2011,60,20805
Railways of the World,2005,120,11039
The Resistance: Avalon,2012,30,27134
Aeon's End: War Eternal,2017,60,3191
Dinosaur Island,2017,120,11559
PARKS,2019,60,7275
A Game of Thrones: The Board Game (Second Edition),2011,240,28650
Castles of Mad King Ludwig,2014,90,22125
Eclipse: Second Dawn for the Galaxy,2020,200,2556
Jaipur,2009,30,37225
Hansa Teutonica,2009,90,11496
Memoir '44,2004,60,25720
Ora et Labora,2011,180,9770
Chronicles of Crime,2018,90,14251
Commands & Colors: Ancients,2006,60,7987
Cosmic Encounter,2008,120,27396
T.I.M.E Stories,2015,90,23729
Sagrada,2017,45,26063
Xia: Legends of a Drift System,2014,180,7357
Suburbia,2012,90,21584
This War of Mine: The Board Game,2017,120,8550
Azul: Summer Pavilion,2019,45,7039
Nations,2013,200,11146
Detective: A Modern Crime Board Game,2018,180,7042
Near and Far,2017,120,7245
Ticket to Ride: Nordic Countries,2007,60,11646
Village,2011,90,20255
Paths of Glory,1999,480,4539
Combat Commander: Europe,2006,180,5391
Magic: The Gathering,1993,20,32442
Captain Sonar,2016,60,16007
Rajas of the Ganges,2017,75,8826
Codenames: Duet,2017,30,13985
Sekigahara: The Unification of Japan,2011,180,4380
Just One,2018,20,11775
The Quest for El Dorado,2017,60,12131
Star Realms: Colony Wars,2015,20,6075
Splendor,2014,30,58709
Santorini,2016,20,27873
La Granja,2014,120,8756
It's a Wonderful World,2019,60,6061
Coimbra,2018,90,8494
Watergate,2019,60,4438
Tichu,1991,60,13298
Go,-2200,180,14843
Ticket to Ride,2004,60,71611
Dune: Imperium,2020,120,2860
Legendary: A Marvel Deck Building Game,2012,60,19785
Ra,1999,60,19097
Carcassonne,2000,45,101853
Zombicide: Black Plague,2015,180,12651
Kanban: Driver's Edition,2014,120,5727
Arcadia Quest,2014,60,9152
Goa,2004,90,10928
Horrified,2019,60,6442
The Princes of Florence,2000,100,14555
Cyclades,2009,90,17873
Secret Hitler,2016,45,18198
Cthulhu: Death May Die,2019,120,3990
Sushi Go Party!,2016,20,22327
Steam,2009,90,9567
YINSH,2003,60,7342
Viticulture,2013,90,10189
Galaxy Trucker,2007,60,29509
Deception: Murder in Hong Kong,2014,20,16001
Tyrants of the Underdark,2016,60,5083
Roll Player,2016,90,13286
Shogun,2006,120,12828
Isle of Skye: From Chieftain to King,2015,50,20425
1830: Railways & Robber Barons,1986,360,4694
Flamme Rouge,2016,45,12139
Century: Golem Edition,2017,45,6991
Hero Realms,2016,30,12203
Glory to Rome,2005,60,12968
Lewis & Clark: The Expedition,2013,120,12926
1960: The Making of the President,2007,120,8516
Power Grid Deluxe: Europe/North America,2014,120,3768
Hanamikoji,2013,15,11047
Bora Bora,2013,120,9107
Imperial,2006,180,8246
Dungeon Petz,2011,90,12707
Samurai,1998,60,14758
Space Base,2018,60,8388
Seasons,2012,60,20812
Imperial Settlers,2014,90,21089
Pulsar 2849,2017,90,6080
Dixit: Odyssey,2011,30,16717
Marco Polo II: In the Service of the Khan,2019,120,3040
Age of Empires III: The Age of Discovery,2007,120,9820
Kingdomino,2016,15,32277
Lords of Hellas,2018,90,5507
Space Alert,2008,30,14763
Modern Art,1992,45,16721
Fury of Dracula (Third/Fourth Edition),2015,180,11489
Glen More II: Chronicles,2019,120,3491
Dead of Winter: The Long Night,2016,120,7881
Battle Line,2000,30,15652
Summoner Wars: Master Set,2011,60,10358
Rococo,2013,120,7517
Exit: The Game - The Abandoned Cabin,2016,120,8821
Dominion (Second Edition),2016,30,4275
Navegador,2010,90,8022
Runewars,2010,240,7763
The Manhattan Project: Energy Empire,2016,120,4771
Tapestry,2019,120,11583
Alien Frontiers,2010,90,14150
Indonesia,2005,240,4034
Imperial 2030,2009,180,5728
Undaunted: Normandy,2019,60,4296
Burgle Bros.,2015,90,8409
Hannibal: Rome vs. Carthage,1996,200,4785
Concordia Venus,2018,120,2301
BattleLore (Second Edition),2013,90,5645
Vindication,2018,150,4583
Antiquity,2004,180,3833
Lost Ruins of Arnak,2020,120,2819
Western Legends,2018,90,6615
Cthulhu Wars,2015,120,4585
Hive,2000,20,29596
Onitama,2014,20,15161
Ethnos,2017,60,9741
Mage Wars Arena,2012,90,7379
Century: Spice Road,2017,45,18546
Aeon's End: Legacy,2019,90,2758
Above and Below,2015,90,12875
Nemo's War (Second Edition),2017,120,3425
Small World,2009,80,61747
Arboretum,2015,30,13125
Mysterium,2015,42,32087
Dungeon Lords,2009,90,12875
War Chest,2018,30,3869
The Taverns of Tiefenthal,2019,60,6323
KLASK,2014,10,5667
Telestrations,2009,30,12846
Bruges,2013,60,10275
Sid Meier's Civilization: The Board Game,2010,240,14425
Star Wars: Outer Rim,2019,180,5686
Letters from Whitechapel,2011,60,13721
Tikal,1999,90,17918
Heaven & Ale,2017,90,6424
Tiny Epic Galaxies,2015,45,15720
Merchants & Marauders,2010,180,12724
Cryptid,2018,50,7503
The Resistance,2009,30,35929
Glass Road,2013,80,9027
Mission: Red Planet (Second Edition),2015,90,8893
Ghost Stories,2008,60,19412
Acquire,1964,90,18214
Star Wars: Armada,2015,120,4589
Dixit,2008,30,50684
Viscounts of the West Kingdom,2020,90,2757
Agricola: All Creatures Big and Small,2012,30,12323
Takenoko,2011,45,35214
Here I Stand,2006,360,3568
Neuroshima Hex! 3.0,2006,30,13294
Love Letter,2012,20,56013
Dune,2019,120,3181
Evolution: Climate,2016,60,6082
Survive: Escape from Atlantis!,1982,60,20470
Altiplano,2017,120,6908
Die Macher,1986,240,5228
Harry Potter: Hogwarts Battle,2016,60,11960
Bärenpark,2017,45,12028
Notre Dame,2007,75,12243
San Juan,2004,60,22239
51st State: Master Set,2016,90,5156
At the Gates of Loyang,2009,120,9766
Endeavor,2009,90,9088
In the Year of the Dragon,2007,100,10791
The Pillars of the Earth,2006,120,16327
Sherlock Holmes Consulting Detective: Jack the Ripper & West End Adventures,2016,120,4138
For Sale,1997,30,23898
Bruxelles 1893,2013,125,4723
Saint Petersburg,2004,60,14545
Claustrophobia,2009,45,6650
Blood Bowl: Team Manager - The Card Game,2011,120,10336
Clash of Cultures,2012,240,5185
Azul: Stained Glass of Sintra,2018,45,8824
Bunny Kingdom,2017,60,7627
Charterstone,2017,75,11747
Ticket to Ride: Märklin,2006,60,8717
Dune,1979,180,5491
King of Tokyo,2011,30,57621
Civilization,1980,360,7111
Arkham Horror (Third Edition),2018,180,4896
Space Hulk (Third Edition),2009,60,6707
Gùgōng,2018,90,6130
Mythic Battles: Pantheon,2017,90,2543
Nippon,2015,120,4196
Tiny Towns,2019,60,10174
San Juan (Second Edition),2014,60,5841
Gizmos,2018,50,7386
Codenames: Pictures,2016,15,17032
Advanced Squad Leader,1985,480,3490
Lost Cities,1999,30,37280
Calico,2020,45,2986
Mice and Mystics,2012,90,16743
Sword & Sorcery,2017,90,3632
Too Many Bones: Undertow,2018,180,1651
Pandemic Legacy: Season 0,2020,60,1536
The Manhattan Project,2012,120,9105
Macao,2009,100,6962
Fresco,2010,60,11842
Blood Bowl: Living Rulebook,2004,120,3354
Arkham Horror,2005,240,36786
Innovation,2010,60,14865
The Godfather: Corleone's Empire,2017,90,5727
Dice Forge,2017,45,14853
Maria,2009,210,2775
London (Second Edition),2017,90,4458
Santa Maria,2017,90,5220
A Few Acres of Snow,2011,120,7427
Stockpile,2015,45,5525
Abyss,2014,60,10215
Monikers,2015,60,3491
Firefly: The Game,2013,240,10524
Flash Point: Fire Rescue,2011,45,20947
Thunderstone Quest,2018,90,3159
Lancaster,2011,60,6675
Glen More,2010,70,8686
Newton,2018,90,4335
Quadropolis,2016,60,11050
Risk Legacy,2011,60,7555
Heroscape Master Set: Rise of the Valkyrie,2004,90,7803
Pandemic: Fall of Rome,2018,60,3858
Millennium Blades,2016,120,3895
Kingsburg,2007,90,18339
The Great Zimbabwe,2012,150,3192
Carpe Diem,2018,75,4687
Downforce,2017,40,7914
Star Realms: Frontiers,2018,45,2643
Pandemic: The Cure,2014,30,9398
BattleLore,2006,60,9091
Amerigo,2013,90,5501
Chinatown,1999,60,8468
Nusfjord,2017,100,4124
Spartacus: A Game of Blood and Treachery,2012,180,7172
Lord of the Rings: The Confrontation,2005,30,5656
Sheriff of Nottingham,2014,60,29603
Biblios,2007,30,15008
Amun-Re,2003,90,8564
BattleCON: Devastation of Indines,2013,45,2919
Twice as Clever!,2019,30,4915
Awkward Guests,2016,75,3648
Commands & Colors: Napoleonics,2010,90,2644
Pandemic: Reign of Cthulhu,2016,40,7890
1775: Rebellion,2013,120,3712
Skull,2011,45,14213
Descent: Journeys in the Dark,2005,240,11319
Blood Bowl (Third Edition),1994,180,5267
Shadows of Brimstone: City of the Ancients,2014,120,3401
Forbidden Desert,2013,45,25599
Raptor,2015,30,7897
Point Salad,2019,30,8042
Mansions of Madness,2011,180,12747
Madeira,2013,150,3910
Mystic Vale,2016,45,8975
PitchCar,1995,30,9645
Deus,2014,90,7293
Camel Up (Second Edition),2018,45,3744
London,2010,90,6281
Colt Express,2014,40,24739
Archipelago,2012,240,7373
Hanabi,2010,25,38927
Schotten Totten,1999,20,7624
Catan,1995,120,101510
Legends of Andor,2012,90,15017
First Class: All Aboard the Orient Express!,2016,80,4843
Dice Throne: Season Two - Battle Chest,2018,40,2237
Sentinels of the Multiverse,2011,60,14766
Freedom: The Underground Railroad,2012,120,3875
Roads & Boats,1999,240,3079
Small World Underground,2011,90,9799
Citadels,2000,60,48360
The Grizzled,2015,30,12228
Shadows over Camelot,2005,80,25447
Euphoria: Build a Better Dystopia,2013,60,9358
Egizia,2009,90,5134
Imhotep,2016,40,11784
Lords of Vegas,2010,90,6546
Ginkgopolis,2012,45,4991
Friday,2011,25,16501
One Night Ultimate Werewolf,2014,10,21482
Junk Art,2016,30,5449
Time's Up! Title Recall!,2008,60,3122
Fire in the Lake,2014,180,2258
Imperial Settlers: Empires of the North,2019,90,3885
The Fox in the Forest,2017,30,8895
Betrayal Legacy,2018,90,3180
Libertalia,2012,60,12435
Stuffed Fables,2018,90,4451
Airlines Europe,2011,75,6825
Aeon's End: The New Age,2019,60,1383
Vinhos,2010,135,4447
Elysium,2015,60,8502
Ingenious,2004,45,15633
Thurn and Taxis,2006,60,18128
KeyForge: Call of the Archons,2018,45,9343
TZAAR,2007,60,3223
The Colonists,2016,360,3406
Pipeline,2019,120,3006
Photosynthesis,2017,60,16757
Tales of the Arabian Nights,2009,120,11581
Vikings,2007,60,7935
Queendomino,2017,25,8016
Chess,1475,60,28745
Argent: The Consortium,2015,150,3170
Exit: The Game - Dead Man on the Orient Express,2017,90,3024
Potion Explosion,2015,45,13444
Pathfinder Adventure Card Game: Rise of the Runelords - Base Set,2013,90,12022
RoboRally,1994,120,22465
Taj Mahal,2000,100,7087
Last Will,2011,75,9043
Escape Plan,2019,120,3522
Sushi Go!,2013,15,34794
Runebound (Third Edition),2015,180,4988
Star Wars: X-Wing Miniatures Game - The Force Awakens Core Set,2015,45,2814
StarCraft: The Board Game,2007,240,7052
No Thanks!,2004,20,20354
Black Orchestra,2016,90,4263
Hammer of the Scots,2002,180,3849
Bohnanza,1997,45,38260
Tekhenu: Obelisk of the Sun,2020,120,2329
Citadels,2016,60,7632
Colosseum,2007,90,8444
Port Royal,2014,50,12971
Chicago Express,2007,60,7408
Nexus Ops,2005,90,8487
Paperback,2014,45,8942
Karuba,2015,40,8690
Baseball Highlights: 2045,2015,45,3675
Discworld: Ankh-Morpork,2011,60,9247
Evolution,2014,60,13614
Automobile,2009,120,5375
Conan,2016,90,3959
1846: The Race for the Midwest,2005,240,2150
A Game of Thrones,2003,180,10151
Fantasy Realms,2017,20,4396
Alhambra,2003,60,28689
Pax Porfiriana,2012,120,2994
Francis Drake,2013,120,4517
Blood Bowl (2016 Edition),2016,120,2231
AquaSphere,2014,100,6472
DVONN,2001,30,4455
Carson City,2009,90,6744
Star Wars: Destiny,2016,30,4591
Sprawlopolis,2018,20,4117
Camel Up,2014,30,22805
A Game of Thrones: The Card Game (Second Edition),2015,120,4211
Dwellings of Eldervale,2020,150,1591
Earth Reborn,2010,180,3241
Zombicide,2012,60,16553
Blackout: Hong Kong,2018,150,3738
Gears of War: The Board Game,2011,180,4696
Railroad Ink: Deep Blue Edition,2018,30,6520
Love Letter Premium,2016,30,4322
Broom Service,2015,75,8094
Struggle of Empires,2004,240,3804
Wavelength,2019,45,3747
Quantum,2013,60,6543
Tobago,2009,60,10630
Forgotten Waters,2020,240,1807
Snowdonia,2012,90,4553
Obsession,2018,90,1828
Space Empires: 4X,2011,180,3038
Carcassonne: Hunters and Gatherers,2002,35,11118
Jamaica,2007,60,16269
Hadara,2019,60,3767
Mare Nostrum: Empires,2016,120,3453
Magic Maze,2017,15,15632
The Republic of Rome,1990,300,3921
Through the Desert,1998,45,12717
Thebes,2007,60,9175
Triumph & Tragedy: European Balance of Power 1936-1945,2015,360,1800
Las Vegas,2012,30,9242
Coup,2012,15,36020
One Night Ultimate Werewolf Daybreak,2015,10,4874
Trains,2012,45,7667
Valeria: Card Kingdoms,2016,45,4124
Taluva,2006,45,7798
Thunderstone Advance: Towers of Ruin,2012,45,4595
Summoner Wars,2009,60,6215
Sidereal Confluence: Remastered Edition,2017,180,2350
Shadows of Brimstone: Swamps of Death,2014,180,2193
Shakespeare,2015,90,3831
Belfort,2011,120,5954
Dixit: Journey,2012,30,4197
The Battle of Five Armies,2014,240,2271
Formula D,2008,60,17148
Betrayal at House on the Hill,2004,60,37065
Pax Renaissance,2016,120,1902
Time's Up!,1999,90,5043
Dice Throne: Season One,2018,40,3802
Smash Up: Awesome Level 9000,2013,45,6499
Luna,2010,100,4487
Defenders of the Realm,2010,90,5217
Cuba Libre,2013,180,2542
Mr. Jack,2006,30,15349
Zombicide: Green Horde,2018,60,2889
ZhanGuo,2014,120,2863
Torres,1999,60,8734
Myrmes,2012,120,5058
Cuba,2007,120,7899
Lord of the Rings: The Confrontation,2002,30,6541
Oceans,2020,90,2782
Wallenstein,2002,150,3502
Warhammer Quest: The Adventure Card Game,2015,60,4910
Star Trek: Ascendancy,2016,180,2622
Fury of Dracula (Second Edition),2005,180,8982
Skull King,2013,30,4115
Medici,1995,60,7146
Exit: The Game - The Pharaoh's Tomb,2016,90,5329
Specter Ops,2015,120,5631
The Downfall of Pompeii,2004,45,7377
Coloretto,2003,30,18014
Leaving Earth,2015,180,2353
Escape: The Curse of the Temple,2012,10,15482
Kingdom Builder,2011,45,19682
Tokaido,2012,45,20663
Elder Sign,2011,90,22154
Steampunk Rally,2015,60,5743
Star Wars: X-Wing (Second Edition),2018,45,1689
Vegas Showdown,2005,75,6080
Cacao,2015,45,8315
Arkwright,2014,240,1999
Up Front,1983,60,2156
Yamataï,2017,80,5451
Eminent Domain,2011,45,9520
Advanced Squad Leader: Starter Kit #1,2004,120,2380
The Networks,2016,90,5269
High Society,1995,30,8929
The Duke,2013,30,3782
Tash-Kalar: Arena of Legends,2013,60,6071
The King's Dilemma,2019,60,1746
Praga Caput Regni,2020,120,1459
Arcadia Quest: Inferno,2017,120,1932
Love Letter: Batman,2015,20,5032
BANG! The Dice Game,2013,15,19826
Mandala,2019,20,2338
K2,2010,60,9076
Space Hulk,1989,45,3638
The Oracle of Delphi,2016,100,4206
Cry Havoc,2016,120,5901
HeroQuest,1989,90,10992
Dawn of the Zeds (Third Edition),2016,120,1584
Dragon Castle,2017,45,5628
Shipyard,2009,120,3715
Century: Eastern Wonders,2018,45,5556
Yspahan,2006,60,7746
Empires: Age of Discovery,2015,150,1890
Between Two Castles of Mad King Ludwig,2018,60,3947
Onirim (Second Edition),2014,15,8119
Middle-Earth Quest,2009,180,3946
Silver & Gold,2019,20,3692
Zombicide Season 2: Prison Outbreak,2013,60,4257
Mexica,2002,90,5063
Coal Baron,2013,75,4305
Crusaders: Thy Will Be Done,2018,60,2675
Ashes Reborn: Rise of the Phoenixborn,2015,120,5123
Between Two Cities,2015,25,9486
Wir sind das Volk!,2014,150,1987
Star Trek: Fleet Captains,2011,120,3153
World Without End,2009,120,4630
Carcassonne: The Castle,2003,30,7567
Ascension: Deckbuilding Game,2010,30,11811
6 nimmt!,1994,45,20629
Summoner Wars: Alliances Master Set,2014,45,1634
Telestrations: 12 Player Party Pack,2011,30,2166
D-Day at Omaha Beach,2009,480,1521
Churchill,2015,300,2373
Saint Petersburg (Second Edition),2014,60,2843
1989: Dawn of Freedom,2012,150,2043
Feudum,2017,180,2726
My Little Scythe,2017,60,3801
Diplomacy,1959,360,12105
Reef,2018,45,6821
Caverna: Cave vs Cave,2017,40,5067
Among the Stars,2012,30,6677
Ex Libris,2017,45,5014
Prêt-à-Porter,2010,90,3362
Super Motherload,2015,75,3358
Warhammer: Invasion,2009,45,5692
Space Hulk: Death Angel - The Card Game,2010,60,12222
Cribbage,1630,30,8302
Washington's War,2010,90,2375
King of New York,2014,40,14174
Villagers,2019,60,4182
Vast: The Crystal Caverns,2016,75,5833
Conflict of Heroes: Awakening the Bear! - Russia 1941-42,2008,120,2975
Deep Sea Adventure,2014,30,10755
Vasco da Gama,2009,120,4289
The Mind,2018,15,19317
Kanagawa,2016,45,7036
Wits & Wagers,2005,25,13372
Smartphone Inc.,2018,90,2047
Panamax,2014,100,3574
Exit: The Game - The Secret Lab,2016,150,5581
Oh My Goods!,2015,30,9383
13 Days: The Cuban Missile Crisis,2016,45,3758
Dungeons & Dragons: The Legend of Drizzt Board Game,2011,60,5572
Tribune: Primus Inter Pares,2007,120,4421
Napoleon's Triumph,2007,180,1699
Yedo,2012,180,3474
Blue Moon City,2006,50,7697
Disney Villainous,2018,50,9955
One Deck Dungeon,2016,45,8027
Finca,2009,45,6818
Marvel Dice Masters: Avengers vs. X-Men,2014,60,5534
Tajemnicze Domostwo,2013,60,4882
XCOM: The Board Game,2015,120,7891
Spyfall,2014,15,18226
City of the Big Shoulders,2019,180,1729
FUSE,2015,10,7036
Squad Leader,1977,60,3154
Warhammer Underworlds: Shadespire,2017,30,2532
Blokus,2000,20,22895
Jambo,2004,45,7965
Lords of Xidit,2014,90,5261
Century: A New World,2019,45,2880
Civilization: A New Dawn,2017,120,4283
Zombie Kidz Evolution,2018,15,1918
The Pursuit of Happiness,2015,90,4107
Cooper Island,2019,120,2080
Reef Encounter,2004,120,4970
ZÈRTZ,1999,60,3915
A Fake Artist Goes to New York,2012,20,4790
Combat Commander: Pacific,2008,180,1472
Scoville,2014,90,4769
Draftosaurus,2019,15,4703
Unlock!: Heroic Adventures,2018,60,1835
Tinners' Trail,2008,90,3811
Treasure Island,2018,45,3747
Red7,2014,30,12692
King of Tokyo: Dark Edition,2020,30,1854
Black Angel,2019,120,3027
Star Wars: The Card Game,2012,60,5328
Spyrium,2013,75,5776
Summoner Wars: Phoenix Elves vs Tundra Orcs,2009,30,2559
AuZtralia,2018,120,3093
Whitehall Mystery,2017,60,2353
Outlive,2017,110,3581
Virgin Queen,2012,420,1553
Union Pacific,1999,90,4177
The Estates,2018,60,2551
In the Hall of the Mountain King,2019,90,2029
Brew Crafters,2013,90,2802
Conflict of Heroes: Awakening the Bear! - Operation Barbarossa 1941 (Second Edition),2012,180,1717
Friedrich,2004,210,2506
Legendary: A Marvel Deck Building Game - Villains,2014,45,2544
Hyperborea,2014,150,4393
Carcassonne: The City,2004,45,4210
Bonfire,2020,100,1585
Dogs of War,2014,75,2536
Not Alone,2016,45,7959
Perudo,1800,30,12606
Ricochet Robots,1999,30,8014
New Frontiers,2018,75,2189
Summoner Wars: Guild Dwarves vs Cave Goblins,2009,30,2329
Fugitive,2017,20,3922
Ca$h 'n Guns (Second Edition),2014,30,12627
My City,2020,30,1722
Celestia,2015,30,8395
Thunderstone,2009,60,10086
878 Vikings: Invasions of England,2017,120,2491
San Marco,2001,90,4241
Bridge,1925,60,2891
Genoa,2001,120,5910
Smash Up: Science Fiction Double Feature,2014,45,3677
Santiago,2003,75,4822
The Palaces of Carrara,2012,60,4066
Maharaja: The Game of Palace Building in India,2004,90,4872
Homesteaders,2009,90,3482
Last Night on Earth: The Zombie Game,2007,90,13531
Container,2007,90,4381
Morels,2012,30,7289
Akrotiri,2014,45,3632
Age of Industry,2010,120,2857
Rhino Hero: Super Battle,2017,20,3467
Tragedy Looper,2011,120,3974
Nova Luna,2019,60,2767
Signorie,2015,120,2635
Heroscape Master Set: Swarm of the Marro,2007,60,2267
Ascension: Storm of Souls,2011,30,3379
Roll Through the Ages: The Bronze Age,2008,45,11497
Louis XIV,2005,100,5343
Core Worlds,2011,120,3973
CO₂: Second Chance,2018,120,2125
Diamant,2005,30,17088
Forbidden Island,2010,30,42018
Kanban EV,2020,180,965
Hawaii,2011,90,4192
The Castles of Burgundy: The Card Game,2016,60,5804
Web of Power,2000,60,3350
Rhino Hero,2011,15,8368
Pictomania,2011,25,3242
Thunder Alley,2014,90,3139
Tumblin-Dice,2004,45,3891
Kitchen Rush,2017,45,2750
Unfair,2017,125,3613
Gentes,2017,90,2391
Catacombs (Third Edition),2015,90,2241
Adrenaline,2016,60,5541
Dungeons & Dragons: Wrath of Ashardalon Board Game,2011,60,5858
Tiny Epic Quest,2017,60,6102
Legacy: The Testament of Duke de Crecy,2013,60,4010
Can't Stop,1980,30,13262
Pandemic: Rising Tide,2017,45,2081
Britannia,1986,300,4039
The Others,2016,90,3328
Lanterns: The Harvest Festival,2015,30,9610
The City of Kings,2018,180,2044
Shards of Infinity,2018,30,2431
Dale of Merchants,2015,30,3804
Tammany Hall,2007,90,3391
Flick 'em Up!,2015,45,7703
Wasteland Express Delivery Service,2017,120,2710
Dream Factory,2000,60,5080
Attika,2003,60,6331
Railroad Ink: Blazing Red Edition,2018,30,3782
Cloudspire,2019,180,1411
Ticket to Ride: Rails & Sails,2016,120,2967
5-Minute Dungeon,2017,30,6644
Palm Island,2018,15,3475
Fort,2020,40,2722
Empire of the Sun,2005,360,1418
Polis: Fight for the Hegemony,2012,120,2106
Wizard,1984,45,8365
Zooloretto,2007,45,13900
Concept,2013,40,15427
Ascension: Return of the Fallen,2011,30,3150
Crystal Palace,2019,150,1941
Mahjong,1850,120,6456
Qwixx,2012,15,9507
Discoveries: The Journals of Lewis and Clark,2015,60,4430
Trismegistus: The Ultimate Formula,2019,120,2033
Marvel Dice Masters: Uncanny X-Men,2014,60,3694
Snow Tails,2008,60,6018
Dungeons & Dragons: Castle Ravenloft Board Game,2010,60,8445
Fabled Fruit,2016,30,5058
La Città,2000,120,5089
Legendary Encounters: A Predator Deck Building Game,2015,45,2428
Tang Garden,2020,60,2112
The Bloody Inn,2015,60,6186
Antike,2005,120,4580
Crown of Emara,2018,75,2230
DC Comics Deck-Building Game,2012,45,6313
Star Wars: The Queen's Gambit,2000,120,2096
The Lost Expedition,2017,50,4833
Meeple Circus,2017,45,4191
Zombicide Season 3: Rue Morgue,2015,60,2448
Merchant of Venus (Second Edition),2012,240,3592
Hannibal & Hamilcar,2018,200,1185
Gold West,2015,60,2358
Werewords,2017,10,3500
History of the World,1991,270,4365
Smash Up: Pretty Pretty Smash Up,2015,45,3192
CO₂,2012,120,3699
The Speicherstadt,2010,45,4760
Battle for Rokugan,2017,90,2368
Automobiles,2016,75,2640
Thunderstone: Dragonspire,2011,45,2637
Qwirkle,2006,45,16117
Space Hulk (Fourth Edition),2014,60,1574
Mr. Jack Pocket,2010,15,7575
Star Trek: Frontiers,2016,240,1532
Parade,2007,45,5935
The Grimm Forest,2018,60,4393
Disney Villainous: Wicked to the Core,2019,60,2022
Black Rose Wars,2019,90,1578
Mint Works,2017,20,4926
BattleCON: War of Indines,2010,60,1768
Rex: Final Days of an Empire,2012,180,4226
Manila,2005,60,5498
Valley of the Kings,2014,45,4239
Cerebria: The Inside World,2018,120,1685
The Shipwreck Arcana,2017,30,2099
Railroad Revolution,2016,90,2415
Batman: Gotham City Chronicles,2019,90,2126
Wiz-War (Eighth Edition),2012,60,4645
Cottage Garden,2016,60,6992
Smash Up: Monster Smash,2014,45,2890
Bus,1999,120,2029
Tak,2017,60,2072
Black Fleet,2014,60,4929
Atlantis Rising (Second Edition),2019,120,1542
Menara,2018,60,2114
Sub Terra,2017,60,2946
Fields of Green,2016,45,3190
World's Fair 1893,2016,45,3182
SpaceCorp,2018,240,1712
Majesty: For the Realm,2017,40,5088
Stronghold,2009,120,3380
Jaws,2019,60,2892
Netrunner,1996,45,2328
Rivals for Catan,2010,120,5882
Islebound,2016,120,3112
Vinci,1999,90,3943
Tide of Iron,2007,120,3739
Fantastic Factories,2019,60,2080
A Study in Emerald,2013,90,3120
Wilderness War,2001,180,1686
Blitzkrieg!: World War Two in 20 Minutes,2019,45,1639
Nidavellir,2020,60,1434
Fleet: The Dice Game,2018,45,1532
Firenze,2010,60,2749
Nations: The Dice Game,2014,40,4905
Dice Hospital,2018,90,3095
Winner's Circle,2001,60,5054
Call to Adventure,2019,60,3281
The Big Book of Madness,2015,90,5646
Lovecraft Letter,2017,15,2974
Under Falling Skies,2020,40,1261
When I Dream,2016,40,4035
Condottiere,1995,45,8609
Via Nebula,2016,60,3841
Loony Quest,2015,30,5503
Istanbul: The Dice Game,2017,40,3167
Mr. Jack in New York,2009,30,2980
Blue Lagoon,2018,45,2955
Metropolys,2008,45,4007
Luxor,2018,45,2945
Tales & Games: The Hare & the Tortoise,2011,20,3646
Ticket to Ride: New York,2018,15,4523
Battles of Westeros,2010,120,2802
Axis & Allies Anniversary Edition,2008,360,2594
Battle Cry,1999,45,3422
Terror in Meeple City,2013,45,7130
China,2005,45,4338
Zendo,2001,60,2690
Q.E.,2019,45,1841
Shadowrun: Crossfire,2014,60,3374
Falling Sky: The Gallic Revolt Against Caesar,2016,360,1389
ICECOOL,2016,30,8195
Smash Up,2012,45,23609
A Distant Plain,2013,300,1431
Lowlands,2018,100,2048
NMBR 9,2017,20,5704
Dice Town,2009,45,6793
Massive Darkness,2017,120,3998
DinoGenics,2019,120,1586
Quartermaster General,2014,90,2380
Fauna,2008,60,4019
The Search for Planet X,2020,60,1068
Letter Jam,2019,45,2403
Container: 10th Anniversary Jumbo Edition!,2018,90,1495
Fog of Love,2017,120,5343
The Lord of the Rings,2000,90,14282
Empires of the Void II,2018,180,1837
Princes of the Renaissance,2003,180,2167
Eight-Minute Empire: Legends,2013,32,4547
Ikusa,1986,360,4894
Quarriors!,2011,30,13151
Yggdrasil,2011,90,3764
1812: The Invasion of Canada,2012,90,2214
Witness,2014,15,2401
Runebound: Second Edition,2005,240,7753
Honshū,2016,30,4317
Linko!,2014,20,4116
Diamonds: Second Edition,2014,30,4896
Wendake,2017,120,1758
1889: History of Shikoku Railways,2004,210,1147
Riverboat,2017,90,1861
Ambush!,1983,240,2184
Domaine,2003,60,4279
Love Letter,2019,20,1694
No Retreat! The Russian Front,2011,360,1473
Watson & Holmes,2015,75,2251
Warhammer Quest,1995,120,2373
Two Rooms and a Boom,2013,20,4297
Unmatched: Cobble & Fog,2020,40,938
Dream Home,2016,30,5534
Wildlands,2018,60,2441
Level 7 \91\Omega Protocol\93\,2013,90,1971
Sons of Anarchy: Men of Mayhem,2014,90,2567
Caylus Magna Carta,2007,75,4831
Legend of the Five Rings: The Card Game,2017,90,2199
Zombicide: Invader,2019,60,1507
Deep Space D-6,2015,30,2596
Unlock!: Escape Adventures - Squeek & Sausage,2017,75,2609
Disney Villainous: Evil Comes Prepared,2019,60,1666
Animal Upon Animal,2005,15,7126
Manoeuvre,2008,60,2332
Primordial Soup,1997,90,4547
Automania,2015,90,2171
Raccoon Tycoon,2018,90,2076
Hardback,2018,90,2224
Steam Park,2013,60,5506
Vikings Gone Wild,2017,90,3075
Power Grid: Factory Manager,2009,60,5800
Paper Tales,2017,30,3362
Kingsburg (Second Edition),2017,120,1827
Vanuatu,2011,90,2546
Whistle Stop,2017,75,2903
Loopin' Louie,1992,10,8400
Risk: Star Wars Edition,2015,45,3700
For the People,1998,360,1498
Fangs,2005,60,7993
Tsuro,2004,20,23341
Fortune and Glory: The Cliffhanger Game,2011,240,3533
Witch's Brew,2008,45,3656
Haggis,2010,45,3917
Herbaceous,2017,20,3396
Mottainai,2015,30,3491
Duelosaur Island,2018,45,2583
Imperial Struggle,2020,240,1002
Coconuts,2013,20,3712
Cat Lady,2017,30,3455
Pathfinder Adventure Card Game: Skull & Shackles - Base Set,2014,90,2413
Ninjato,2011,60,2606
The Magnificent,2019,90,1575
Ghost Fightin' Treasure Hunters,2013,30,2849
Yellow & Yangtze,2018,90,1266
Fleet,2012,45,4575
Plague Inc.: The Board Game,2017,60,2558
Blueprints,2013,30,6137
La Isla,2014,60,4957
Quarto,1991,20,5877
Hansa,2004,60,4939
Escape Room: The Game,2016,60,3236
Andean Abyss,2012,360,1648
Trains: Rising Sun,2014,45,1722
Peloponnes,2009,45,2741
Catan Card Game,1996,120,13018
Hamburgum,2007,75,3106
Archaeology: The New Expedition,2016,20,2804
Strasbourg,2011,60,2500
Coffee Roaster,2015,30,1586
The Prodigals Club,2015,100,2102
Chimera Station,2017,90,2140
Claustrophobia 1643,2019,90,1151
Hallertau,2020,140,979
Conflict of Heroes: Storms of Steel! - Kursk 1943,2009,120,1443
Three Kingdoms Redux,2014,165,1188
Carcassonne: South Seas,2013,35,3058
Fairy Tale,2004,30,8466
Legacy of Dragonholt,2017,999,2278
Dead Men Tell No Tales,2015,75,2986
Ultimate Werewolf: Ultimate Edition,2008,90,3772
The Reckoners,2018,100,1404
Merlin,2017,75,2836
Forum Trajanum,2018,120,2005
Planet Steam,2008,180,2744
Colossal Arena,1997,60,6970
Rise of Augustus,2013,30,7575
Machi Koro,2012,30,26236
Hacienda,2005,90,4034
Thunderbolt Apache Leader,2012,90,1120
GIPF,1996,60,2943
Fief: France 1429,2015,240,1988
Mission: Red Planet,2005,60,4117
Cleopatra and the Society of Architects,2006,60,6257
Keythedral,2002,90,2968
New York 1901,2015,60,5450
Agra,2017,120,1984
The Golden Ages,2014,90,2131
A Touch of Evil: The Supernatural Game,2008,120,4419
Reavers of Midgard,2019,120,1687
A Game of Thrones: The Card Game,2008,120,5986
Santiago de Cuba,2011,75,4232
Arkadia,2006,60,4095
Beyond the Sun,2020,120,979
Explorers of the North Sea,2016,60,2093
Liberty or Death: The American Insurrection,2016,360,1274
Java,2000,120,3333
